Prioridade;Entidade;NIF;Contratos (18m);Por convite;Valor por convite (€);Categorias;Procedimentos;Faixas de preço;Fornecedores habituais;Fornecedor dominante (%);Último contrato;Último objeto;Estado;Contacto;Notas
69.3;Município de Vila Nova de Famalicão;506663264;88;72;2615657;eletricidade (31), software_ti (29), projeto (28), seguranca_incendio (2), fotovoltaico (1);Ajuste Direto Regime Geral (38), Consulta Prévia (34), Concurso público (10), Contratação excluída II (6);<20k (42), 20-75k (31), >150k (8), 75-150k (7);"BuiltinLT Instalações Especiais, Lda (4); Cunha Bastos, Lda (3); GONKSYS, S.A. (3)";5;2026-10-01;Iluminação Pública - Separador Central da Avenida dos Descobrimentos - UF de V. N. de Famalicão e Calendário;;;
62.7;Município de Braga;506901173;90;66;2003682;software_ti (41), eletricidade (30), projeto (19), seguranca_incendio (3), fotovoltaico (1);Ajuste Direto Regime Geral (33), Consulta Prévia (31), Concurso público (20), Ao abrigo de acordo-quadro (art.º 258.º) (3), Consulta Prévia Simplificada (2), Contratação excluída II (1);20-75k (40), <20k (40), 75-150k (5), >150k (5);"Maxiglobal Equipamentos e Serviços de Informática S.A. (4); Tabique Engenharia Lda. (3); I-Sete Inovação Soluções Económicas e Tecnologias Ecológicas, Lda (+1) (3)";4;2026-09-21;CPR/96/26/DCP - Aquisição de Plataformas de Gestão de Ocorrências;;;
54.0;Município de Guimarães;505948605;69;61;1420864;software_ti (32), projeto (15), eletricidade (11), seguranca_incendio (9), fotovoltaico (3);Ajuste Direto Regime Geral (34), Consulta Prévia (27), Concurso público (8);<20k (34), 20-75k (29), 75-150k (4), >150k (2);"Narciso de Carvalho & Filhos, Lda (5); RT Telecomunicações Lda (3); SINTIMEX - Soc. Internacional de Imp. e Exp. S.A (3)";7;2026-09-30;Fornecimento, instalação e execução de intervenções nos sistemas de CCTV do Edifício Sede, Mercado Municipal e Avepark;;;
36.5;Unidade Local de Saúde do Alto Minho, EPE;508786193;63;43;1139767;software_ti (46), eletricidade (10), projeto (6), fotovoltaico (2), seguranca_incendio (1);Ajuste Direto Regime Geral (41), Concurso público (15), Contratação excluída II (4), Consulta Prévia (2), Ao abrigo de acordo-quadro (art.º 259.º) (1);<20k (32), 20-75k (20), 75-150k (6), >150k (5);"GONKSYS, S.A. (9); Serviço de Utilização Comum dos Hospitais (4); GLINTT-HEALTHCARE SOLUTIONS,S.A(CPCHS) (2)";14;2026-08-14;2026/0415 - Aquisição de Unidades de Alimentação Ininterruptas (UPS – “Uninterruptible Power Supplies”) em unidades de p;;;
36.4;Unidade Local Saúde de Braga, E.P.E.;515545180;49;46;1413609;software_ti (43), eletricidade (5), seguranca_incendio (1), projeto (1);Ajuste Direto Regime Geral (44), Concurso público (3), Consulta Prévia (2);<20k (30), 20-75k (13), 75-150k (4), >150k (2);"Escala Braga - Sociedade Gestora do Edifício, S.A (3); Wire Maze - Sistemas Informação, Sa (3); ART CES - UNIPESSOAL, LDA. (3)";6;2026-09-24;Aquisição de serviços de Gestão de Projetos para acompanhamento do portefólio de projetos de Transformação Digital e Tec;;;
29.1;Município de Ponte de Lima;506811913;38;33;819065;software_ti (20), eletricidade (10), projeto (7), fotovoltaico (1);Ajuste Direto Regime Geral (26), Consulta Prévia (7), Concurso público (5);<20k (22), 20-75k (12), >150k (2), 75-150k (2);"Visualforma - Tecnologias de Informação, S.A. (2); Diogo Luís Palhares Gonçalves (2); ENERMETER-SISTEMAS DE MEDIÇÃO, UNIPESSOAL LDA (2)";5;2026-10-02;Aquisição de serviços para digitalização de acervo documental;;;
28.1;Universidade do Minho;502011378;108;31;1258626;software_ti (81), eletricidade (21), seguranca_incendio (6), projeto (6), fotovoltaico (2), mobilidade_eletrica (1);Contratação excluída II (54), Ajuste Direto Regime Geral (27), Concurso público (23), Consulta Prévia (4);<20k (74), 20-75k (25), >150k (5), 75-150k (4);"UP Motion, Lda (3); Timberlake Consultores, Lda (3); ESSS – Engineering Simulation and Scientific Software Portugal, Lda. (3)";3;2026-09-25;PROCEDIMENTO PARA FORMAÇÃO DE CONTRATO DE AQUISIÇÃO DE SERVIÇOS NECESSÁRIOS AO DESENVOLVIMENTO DE ATIVIDADES DE I&D -FOR;;;
26.2;Município de Viana do Castelo;506037258;35;27;818500;projeto (13), software_ti (12), eletricidade (11), mobilidade_eletrica (1);Consulta Prévia (17), Ajuste Direto Regime Geral (10), Concurso público (7), Contratação excluída II (1);20-75k (18), <20k (11), >150k (4), 75-150k (2);"SOMA PIRAMIDAL - GABINETE DE PROJETOS UNIPESSOAL, LDA. (2); Vaproj, Lda. (2); CUNHA BASTOS, LDA (2)";6;2026-09-08;PRESTAÇÃO DE SERVIÇO PARA A ELABORAÇÃO DO PROJETO DE EXECUÇÃO DA REABILITAÇÃO E AMPLIAÇÃO DA ESCOLA EB1 E JI DA AREOSA;;;
26.0;Município de Barcelos;505584760;47;27;633171;software_ti (22), projeto (13), eletricidade (11), seguranca_incendio (3), fotovoltaico (2);Ajuste Direto Regime Geral (21), Concurso público (20), Consulta Prévia (6);<20k (28), 20-75k (10), >150k (7), 75-150k (2);"JRTORRES - Consultores de Engenharia, Lda. (2); FiberT, S.A. (2); Signed Web Solutions, Lda. (1)";4;2026-08-27;Prestação de Serviços de Fiscalização e Coordenação de Segurança de Empreitadas. Empreitada: Ligação à variante à EN 103;;;
25.6;Município de Caminha;500843139;28;28;669579;software_ti (21), eletricidade (6), mobilidade_eletrica (2), projeto (1);Consulta Prévia (15), Ajuste Direto Regime Geral (13);20-75k (15), <20k (13);"Wire Maze - Sistemas de Informação, S.A. (4); CPCECHO, LDA (3); Justbit Servicos Telecomunicacoes Gestao Industrial Lda (3)";14;2026-08-25;EMPREITADA DE REPARAÇÃO DA ILUMINAÇÃO PÚBLICA NA RUA DE SANTO ANTÓNIO E RUA DA IGREJA VELHA NA UF CAMINHA-VILARELHO”;;;
25.4;Unidade Local de Saúde do Médio Ave, EPE;508093937;41;32;1384657;software_ti (32), projeto (7), eletricidade (3);Ajuste Direto Regime Geral (20), Consulta Prévia (12), Concurso público (8), Contratação excluída II (1);20-75k (25), <20k (12), 75-150k (4);"GONKSYS, S.A. (3); Proside, SA (3); RISI EXPERT SOFWARE SOLUTIONS LDA (3)";7;2026-09-08;VP2600553 - ELABORAÇÃO DE PROJECTO DE SUBSTITUIÇÃO DO GRUPO GERADOR;;;
25.3;Instituto Politécnico de Viana do Castelo;503761877;45;32;805052;software_ti (37), eletricidade (5), projeto (2), fotovoltaico (1);Consulta Prévia (23), Concurso público (12), Ajuste Direto Regime Geral (9), Contratação excluída II (1);<20k (25), 20-75k (17), 75-150k (2), >150k (1);"H2PLUS ENERGY LDA (2); Barreiros, Costa & Sampaio S.A. (2); Beltrão Coelho Minho (2)";4;2026-08-25;2026/Cpre/023 - Empreitada de substituição dos sistemas de iluminação da ESE;;;
22.2;Município de Celorico de Basto;506884929;32;26;790245;software_ti (15), projeto (14), eletricidade (2), fotovoltaico (2);Ajuste Direto Regime Geral (15), Consulta Prévia (11), Contratação excluída II (5), Concurso público (1);<20k (18), 20-75k (13), 75-150k (1);"SUCH | Serviço de Utilização Comum dos Hospitais (4); Ricardo Jorge da Cunha Alves, Unipessoal, Lda. (2); CBL - Computadores de Basto, Lda (2)";12;2026-10-01;Projeto de Execução AVAC e Certificação Energética - Edifício dos Paços do Concelho;;;
21.8;Unidade Local de Saúde do Alto Ave, E.P.E;508080827;52;27;1003950;software_ti (38), eletricidade (8), projeto (6);Ajuste Direto Regime Geral (22), Concurso público (21), Consulta Prévia (5), Contratação excluída II (4);20-75k (25), <20k (21), 75-150k (4), >150k (2);"SUCH | Serviço de Utilização Comum dos Hospitais (4); MAXDATA SOFTWARE, S.A. (3); IDRYL Consulting, Lda (3)";8;2026-09-09;AM/0877/2026 - Desenvolvimento do BI da ULS;;;
21.7;Município de Paredes de Coura;506632938;24;19;321293;projeto (12), software_ti (9), eletricidade (9);Consulta Prévia (10), Ajuste Direto Regime Geral (9), Concurso público (5);<20k (16), 20-75k (6), 75-150k (1), >150k (1);"Energicoura (4); Electro Insdustrial de Barreiros e Sá, Lda (2); CLARANET II SOLUTIONS, S.A. (1)";17;2026-08-13;Prestação de serviços de renovação do software backup veeam;;;
21.5;Município da Póvoa de Lanhoso;506632920;29;27;763783;software_ti (17), projeto (10), eletricidade (2);Ajuste Direto Regime Geral (15), Consulta Prévia (12), Concurso público (1), Concurso limitado por prévia qualificação (1);<20k (14), 20-75k (12), 75-150k (2), >150k (1);"HENRIQUE DO VALE MARTINS (2); NOS COMUNICAÇÕES, S.A. (2); Tabique - Engenharia, Lda (2)";7;2026-09-17;Aquisição de equipamento de rede, incluindo a substituição de equipamentos de distribuição e switches de acesso não norm;;;
21.2;Município de Amares;506797627;21;21;499309;projeto (15), software_ti (7), fotovoltaico (2), eletricidade (1);Ajuste Direto Regime Geral (17), Consulta Prévia (4);<20k (16), 20-75k (5);"JOSE FERRAZ & ASSOCIADOS - ENGENHARIA E CONSULTORIA, S.A. (2); NUWAVE ASSIT (2); Marques & Dourado - Engenharia, Lda (2)";10;2026-07-27;Prestação de Serviços - Fiscalização externa de empreitadas.;;;
21.1;Município de Fafe;506841561;27;23;917210;software_ti (20), projeto (4), eletricidade (4), seguranca_incendio (1), mobilidade_eletrica (1);Ajuste Direto Regime Geral (16), Consulta Prévia (6), Concurso público (4), Consulta Prévia Simplificada (1);<20k (17), 20-75k (6), >150k (3), 75-150k (1);"Reload - Consultoria Informática Unipessoal, Lda (3); BoldApps, LDA (2); Knowledge Inside, Lda (2)";11;2026-09-22;Renovação de licença anual de software VMware vSphere Foundation;;;
19.0;Instituto Politécnico do Cávado e do Ave;503494933;36;22;624044;software_ti (24), eletricidade (7), projeto (5), fotovoltaico (1);Ajuste Direto Regime Geral (14), Concurso público (14), Consulta Prévia (8);<20k (19), 20-75k (11), >150k (4), 75-150k (2);"RIS 2048 - Sistemas Informáticos e Comunicações, S.A. (4); MeasureIT, Unipessoal Lda. (2); Pedro Peixoto Rego (2)";11;2026-08-04;Aquisição de equipamento tecnológico (servidores e redes) para suporte ao funcionamento da Residência B-CRIC do IPCA;;;
18.8;Município de Terras de Bouro;506907619;31;22;372268;software_ti (15), seguranca_incendio (7), projeto (5), eletricidade (4);Ajuste Direto Regime Geral (16), Concurso público (9), Consulta Prévia (6);<20k (23), 20-75k (5), 75-150k (3);"Interfire, Lda. (4); F3M Information Systems, S.A. (2); LAURA SILVA, UNIPESSOAL, LDA (2)";13;2026-09-24;CENTRAL DE INCÊNCIOS-ESCOLA DE TERRAS DE BOURO;;;
17.5;Município de Esposende;506617599;26;21;443131;software_ti (17), projeto (7), eletricidade (3);Ajuste Direto Regime Geral (15), Consulta Prévia (6), Concurso público (5);<20k (14), 20-75k (9), >150k (2), 75-150k (1);"Wire Maze - Sistemas de Informação, S.A. (3); Wavecom-Soluções Rádio, SA (2); Signed Web Solutions, Lda. (2)";12;2026-09-21;Aquisição de Serviços Para Modificação da Rede Elétrica na Rua da Senra em Curvos ;;;
17.4;Município de Vila Verde;506641376;22;21;656702;software_ti (13), projeto (8), eletricidade (1), seguranca_incendio (1);Consulta Prévia (11), Ajuste Direto Regime Geral (10), Concurso público (1);<20k (12), 20-75k (9), 75-150k (1);"Wavecom-Soluções Rádio, SA (2); Américo José da Cunha Sousa (1); PROTERRITORIO, LDA (1)";9;2026-09-02;Implementação do Vertical Gestão de Consumos Energéticos na Plataforma de Gestão Urbana (PGU);;;
16.9;AGERE- Empresa de Águas Efluentes e Resíduos de Braga, EM;504807692;35;20;516965;software_ti (24), projeto (6), eletricidade (4), fotovoltaico (2);Concurso público (14), Ajuste Direto Regime Geral (14), Consulta Prévia (6), Concurso limitado por prévia qualificação (1);<20k (18), 20-75k (14), >150k (2), 75-150k (1);"Orbcom, Lda. (4); Aquasis - Sistemas de Informação, S.a. (4); Primavera (3)";11;2026-09-25;Aquisição de 50 licenças de software para a solução de Secure Service Edge (SSE) da Netskope;;;
15.8;Município de Ponte da Barca;505676770;19;19;331730;software_ti (15), fotovoltaico (2), projeto (2), seguranca_incendio (1);Ajuste Direto Regime Geral (12), Consulta Prévia (7);<20k (16), 20-75k (3);"FBCPS - Business Consulting and Professional Services, Lda (2); CROSSING POINT, UNIPESSOAL LDA (1); TLCI ENERGIA, LDA., (1)";11;2026-09-23;"Assistência e Manutenção aplicação ""City as Platform""";;;
15.6;Município de Melgaço;505592940;20;18;344674;software_ti (12), projeto (6), eletricidade (3);Ajuste Direto Regime Geral (15), Consulta Prévia (3), Concurso público (2);<20k (14), 20-75k (5), 75-150k (1);"Visualforma - Tecnologias de Informação, S.A. (4); AIRC - Associação de Informática da Região Centro (3); PH - Informática e Micro Sistemas, Lda. (2)";20;2026-07-30;Aquisição de serviços de Fiscalização e Topografia, na modalidade de avença ;;;
14.3;Município de Arcos de Valdevez;505211696;20;17;575930;software_ti (9), projeto (8), eletricidade (3);Ajuste Direto Regime Geral (10), Consulta Prévia (7), Concurso público (3);<20k (8), 20-75k (7), 75-150k (4), >150k (1);"RELOAD - CONSULTORIA INFORMÁTICA, LDA. (3); Enermeter - Sistemas de Medição, Lda. (2); WireMaze - Sistemas de Informação S.A. (2)";15;2026-06-02;PF 1183/2026 - Renovação da Manutenção dos Equipamentos HP DataCenter e DR;;;
14.1;Vimágua - Empresa de Água e Saneamento de Guimarães e Vizela, EIM, SA;505993082;17;12;171204;software_ti (9), eletricidade (6), fotovoltaico (3), projeto (2), seguranca_incendio (1);Consulta Prévia (7), Ajuste Direto Regime Geral (5), Concurso público (5);<20k (8), 20-75k (7), >150k (2);"BABCOCK & WILCOX PORTUGAL, SA (2); SmartStep - Sistemas de Mobilidade Integrados, Lda (1); WAVE SOLUTIONS SISTEMAS DE INFORMAÇÃO LDA (1)";12;2026-09-16;Aquisição de licença WebAPI SmartAccess para integração do Chaveiro Digital com outras plataformas;;;
14.0;TUB - Transportes Urbanos de Braga, EM;504807684;19;14;777803;projeto (8), software_ti (7), eletricidade (6);Ajuste Direto Regime Geral (10), Concurso público (5), Consulta Prévia (3), Consulta Prévia Simplificada (1);20-75k (7), <20k (7), >150k (4), 75-150k (1);"NSOFT - SOLUÇÕES E INTEGRAÇÃO DE SISTEMAS, LDA (4); Tabique - Engenharia, Lda. (3); VINSO II, Lda. (1)";21;2026-09-23;Fiscalização da Empreitada de Construção da 2.ª fase do Parque Nascente do Parque de Material e Oficinas (PMO);;;
13.9;Município de Vizela;505985217;16;16;131762;software_ti (13), eletricidade (3), seguranca_incendio (1);Ajuste Direto Regime Geral (15), Consulta Prévia (1);<20k (14), 20-75k (2);"MICROABREU- Sistemas Informáticos, Ldª (2); JPM & Abreu, Lda. (2); Shortcut, Lda. (2)";12;2026-09-28;Aquisição de serviços de assistência técnica para plataforma digital.;;;
13.8;Município de Monção;501937471;22;13;265010;projeto (10), software_ti (9), eletricidade (4), mobilidade_eletrica (3);Ajuste Direto Regime Geral (11), Concurso público (6), Contratação excluída II (2), Consulta Prévia (2), Ao abrigo de acordo-quadro (art.º 258.º) (1);<20k (12), 20-75k (8), >150k (2);"E-Redes - Distribuição de Eletricidade, S.A. (2); Vitor Hugo - Coordenação e Gestão de Projectos, SA (2); KEEP SOLUTIONS, LDA (2)";9;2026-10-02;Serviços necessários à ligação à rede elétrica da instalação destinada à alimentação de postos de carregamento de veícul;;;
11.3;Município de Valença;506728897;14;11;299693;projeto (6), software_ti (5), eletricidade (4), seguranca_incendio (1);Ajuste Direto Regime Geral (6), Consulta Prévia (5), Concurso público (3);<20k (6), 20-75k (5), >150k (2), 75-150k (1);"TAILOR – Advanced Analytics, LDA (2); Manuel Pombo, L.da (1); Look Home - Central Receptora de Alarmes, L.da (1)";14;2026-09-14; AQUISIÇÃO DE SERVIÇOS DE DISTRIBUIÇÃO E MANUTENÇÃO DE ILUMINAÇÃO E REDE ELÉTRICA;;;
11.1;Município de Cabeceiras de Basto;505330334;18;12;217118;software_ti (8), projeto (5), eletricidade (2), seguranca_incendio (2), mobilidade_eletrica (1), fotovoltaico (1);Ajuste Direto Regime Geral (6), Consulta Prévia (6), Concurso público (6);<20k (8), 20-75k (8), >150k (1), 75-150k (1);"Ano Software - Sistemas de Informação, Lda. (2); BRIGHTCITY, S.A. (2); Wavecom - Soluções Rádio, S.A. (+1) (2)";11;2026-07-01;"Atualização das aplicações software, Future Doc, Sistema de Gestão de Filas, Integração GSP RJUE DGAL; GSP Genérico e Po";;;
10.7;A Oficina Centro de Artes e Mesteres Tradicionais de Guimarães, CIPRL;503190985;14;13;170278;software_ti (11), eletricidade (3);Consulta Prévia (8), Ajuste Direto Regime Geral (5), Concurso público (1);<20k (12), 20-75k (2);"Vida Digital - Sistemas de Informação, Lda (4); Quioske Me Unipessoal Lda (2); OOF Lda (1)";29;2026-09-10;Aquisição de serviços de criação de plataforma online de comercialização de bordados certificados e respetiva implementa;;;
10.0;Escola Profissional de Fermil, Celorico de Basto.;600034984;8;8;170381;eletricidade (3), software_ti (3), seguranca_incendio (1), fotovoltaico (1), mobilidade_eletrica (1), projeto (1);Consulta Prévia (8);<20k (6), 20-75k (2);"Duetorignal Unipessoal, Lda (3); Fontesolar - Soluções Energéticas, Unipessoal, Lda. (1); CBL - Computadores de Basto, Lda (1)";38;2026-09-23;Aquisição de equipamento de câmaras de videovigilância para a Escola Profissional Agrícola Eng.º Silva Nunes, incluindo,;;;
9.5;Águas do Norte, S. A.;513606084;48;10;145096;software_ti (23), eletricidade (18), projeto (4), seguranca_incendio (3), fotovoltaico (1);Concurso público (25), Concurso limitado por prévia qualificação (8), Ajuste Direto Regime Geral (6), Ao abrigo de acordo-quadro (art.º 258.º) (5), Consulta Prévia (4);<20k (24), >150k (11), 20-75k (8), 75-150k (5);"Reload - Consultoria Informática Unipessoal, Lda (5); 4Energy - Comércio e Instalações Técnicas, Lda. (4); EASYPOINT - ENGINEERING AND INNOVATION, LDA (4)";10;2026-08-12;PRC_0374/2024_TII - Aquisição de serviços de desenvolvimento aplicacional e programação para a Águas do Norte, S.A.;;;
9.2;Centro Tecnológico das Indústrias Têxtil e do Vestuário de Portugal - CITEVE;502201886;20;9;282801;software_ti (12), projeto (4), eletricidade (3), mobilidade_eletrica (2), fotovoltaico (2);Contratação excluída II (11), Ajuste Direto Regime Geral (6), Consulta Prévia (3);<20k (14), 20-75k (5), 75-150k (1);"Senginor - Engenharia e Instalações Eléctricas, Lda. (2); WGSN - Inteligence Espana S.L (1); Miranda & Santana Lda (1)";10;2026-09-30;Aquisição de Subscription Services WGSN and Fashion Design, no âmbito do projeto do PRR - CTI;;;
8.7;Serviços de Ação Social da Universidade do Minho;680047360;12;9;173276;eletricidade (6), software_ti (5), projeto (1);Ajuste Direto Regime Geral (5), Consulta Prévia (4), Concurso público (3);20-75k (7), <20k (5);"Primavera Business Software Solutions, S.A. (2); Carlos Manuel Torres Rebelo (1); José Ramiro Simões Alves (1)";17;2026-09-17;CP 023/2026- Aquisição de serviços de técnico responsável pelas instalações elétricas afetas aos Serviços de Acção Socia;;;
8.5;Escola Profissional Amar Terra Verde, Lda;504595067;14;9;86790;software_ti (10), eletricidade (2), seguranca_incendio (2), projeto (2);Consulta Prévia (5), Concurso público (5), Ajuste Direto Regime Geral (4);<20k (12), 75-150k (2);"EUROTUX INFORMÁTICA S.A. (3); PH- Informática e Micro Sistemas, S.A. (2); José Carlos Oliveira Marques, Consultor de Engenharia - Fiscalização, Coordenação e Planeamento de Projectos, Unipessoal Limitada (2)";21;2026-08-04;Aquisição de Serviços de licenciamento de software para a EPATV, por lotes;;;
8.0;Unidade Local de Saúde de Barcelos/Esposende, EPE;506361381;16;9;165295;software_ti (9), projeto (3), seguranca_incendio (3), eletricidade (2);Ajuste Direto Regime Geral (9), Concurso público (6), Contratação excluída II (1);<20k (8), 20-75k (7), 75-150k (1);"SIXFORCE ENTERPRISE COMMUNICATIONS, LDA (2); CRAYON SOFTWARE LICENSING, UNIPESSOAL LDA (2); MEO - Serviços de Comunicações e Multimédia, S.A. (1)";12;2026-09-23;2026/0415 - Aquisição de Unidades de Alimentação Ininterruptas (UPS – “Uninterruptible Power Supplies”) em unidades de p;;;
7.9;Escola Secundária de Caldas das Taipas, Guimarães;680038647;7;7;38240;software_ti (6), eletricidade (3);Ajuste Direto Regime Geral (4), Consulta Prévia (3);<20k (7);"Narciso Gomes Componentes Eletronicos, Lda (2); Asnet (2); Vimaponto, Equipamentos e Serviços de Informática, SA (1)";29;2026-07-08;Aquisição de licença de software Adobe, enquadrada no CPV 48000000-8 (pacotes de software e sistemas de informação), des;;;
7.8;BRAVAL - Valorização e Tratamento de Resíduos Sólidos, SA;503730947;11;8;264047;eletricidade (4), projeto (3), software_ti (3), mobilidade_eletrica (1);Ajuste Direto Regime Geral (5), Consulta Prévia (3), Concurso público (3);20-75k (6), <20k (3), 75-150k (2);"CAPWATT SERVICES, S.A. (3); Visualforma - Tecnologias de Informação, S.A. (2); Valter Campelo de Sousa, Unipessoal Lda. (1)";27;2026-09-29;Prestação de Serviços Contínuos de Fiscalização de Obras;;;
7.8;BRAGAHABIT - Empresa Municipal de Habitação de Braga, EM;504537784;9;9;209037;software_ti (4), projeto (3), eletricidade (2);Ajuste Direto Regime Geral (6), Consulta Prévia (3);<20k (5), 20-75k (4);"José Carlos Oliveira Marques, Consultor de Engenharia - Fiscalização, Coordenação e Planeamento de Projectos, Unipessoal Limitada (1); YUK Data Consulting, Lda. (1); Professor Engenheiro Vasco Peixoto de Freitas, Lda. (1)";11;2026-08-27;Prestação de serviços de fiscalização da empreitada relativa ao BNAUT, compreendendo o acompanhamento e controlo técnico;;;
7.7;Faz Cultura - Empresa Municipal de Cultura de Braga, EM;500463964;10;10;141904;software_ti (6), projeto (4);Ajuste Direto Regime Geral (7), Consulta Prévia (3);<20k (8), 20-75k (2);"Duas Quintas, Lda. (1); Arquitectos Aliados Consulting, Lda. (1); Certilusa - Certificação Energética e Engenharia, Lda (1)";10;2026-09-02;Aquisição de serviços de fiscalização em obra da empreitada de reabilitação da cobertura do edifício Theatro Circo;;;
7.0;CASFIG - Coordenação de Âmbito Social e Financeiro das Habitações do Município de Guimarães, E.M., Unipessoal, Lda.;504885855;8;8;201040;software_ti (4), projeto (2), fotovoltaico (1), eletricidade (1);Ajuste Direto Regime Geral (6), Consulta Prévia (2);<20k (4), 20-75k (4);"Parteico Software S.A. (2); Vimaponto, Equipamentos e Serviços de Informática, SA (1); CS MA ARQUITETOS, LDA (1)";25;2026-09-29;Contratação de serviços de suporte técnico e assistência informática, mediante bolsa de 50 horas, e de licenças de softw;;;
7.0;Município de Vila Nova de Cerveira;506896625;8;8;210223;software_ti (4), eletricidade (2), projeto (2);Ajuste Direto Regime Geral (5), Consulta Prévia (3);20-75k (5), <20k (3);"José Fernando Miranda da Costa, Lda (1); Narciso de Carvalho & Filhos, Lda (1); Eri, Engenharia S.A. (1)";12;2026-03-25;Parque Empresarial de Cerveira – Pólo V (Sapardos) - Melhoria das Linhas de Terra;;;
6.4;Município de Vieira do Minho;506659682;9;8;166205;software_ti (6), projeto (2), eletricidade (1);Ajuste Direto Regime Geral (5), Consulta Prévia (3), Concurso público (1);<20k (6), 20-75k (2), >150k (1);"Divultec-Serviços de Informática, Lda. (3); Medidata.net - Sistemas de Informação para Autarquias, S.A. (2); NORAQUA, Consultores de Engenharia, Lda (1)";33;2026-06-12;ELABORAÇÃO DOS PROJETOS DE ESPECIALIDADES PARA A CRECHE MUNICIPAL DE TABUAÇAS;;;
5.9;INSTITUTO DE GESTÃO FINANCEIRA E EQUIPAMENTOS DA J;510361242;8;7;78908;projeto (8);Consulta Prévia (4), Ajuste Direto Regime Geral (3), Concurso limitado por prévia qualificação (1);<20k (7), >150k (1);"José Carlos Oliveira Marques, Consultor de Engenharia - Fiscalização, Coordenação e Planeamento de Projectos, Unipessoal Limitada (3); Tabique - Engenharia, Lda. (1); Vitor Hugo - Coordenação e Gestão de Projectos, SA (+1) (1)";38;2026-07-27;25AS00007534 - Viana do Castelo - TT e TFM - Aquisição de serviços de fiscalização para a empreitada de reparação e subs;;;
5.5;Património Cultural, IP;517842920;3;3;46872;eletricidade (2), projeto (2), software_ti (2);Ajuste Direto Regime Geral (2), Consulta Prévia (1);<20k (2), 20-75k (1);"Pórtico-Arquitetura e Engenharia, Ldª (1); Vitor Hugo - Coordenação e Gestão de Projectos, SA (1); Paulo Providência Arquitetos, Lda (1)";33;2026-06-29;PRR-Fiscalização e Coordenação de Segurança e Gestão Ambiental em obra da empreitada de Reestruturação das infraestrutur;;;
5.5;Ensiprof - Ensino e Formação Profissional, Lda;504769642;8;5;43100;projeto (5), eletricidade (3), seguranca_incendio (1);Consulta Prévia (5), Concurso público (3);<20k (6), 20-75k (2);"MEO - SERVIÇOS DE COMUNICAÇÕES E MULTIMÉDIA, S.A (1); Hermann Biener – Material Eléctrico, Lda (1); ROLEAR – AUTOMATIZAÇÕES, ESTUDOS E REPRESENTAÇÕES, S.A (1)";12;2026-04-15;Concurso Público nº 4/2026 - Aquisição e Instalação de Material CCTV ;;;
5.0;CIM do Ave - Comunidade Intermunicipal do Ave;508887780;9;7;226444;software_ti (9);Consulta Prévia (5), Ajuste Direto Regime Geral (2), Concurso público (2);20-75k (4), <20k (4), >150k (1);"Associação CCG/ZGDV - Centro de Computação Gráfica (1); XERCODE SOLUÇÕES EM TECNOLOGIA, UNIPESSOAL Lda. (1); AD EVOLUTIO, LDA (1)";11;2026-08-07;Aquisição de serviços de housing e serviços de gestão e operação de DataCenter;;;
5.0;Coopetape - Cooperativa de Ensino, CRL;504443127;7;7;153212;software_ti (7);Consulta Prévia (6), Ajuste Direto Regime Geral (1);<20k (5), 20-75k (2);"ASNET Unipessoal, Lda (4); Daniel Cruz (1); Jofax - Equipamentos de escritório e Reprografia Lda. (1)";57;2026-05-21;aquisição da Cedência Temporária de Licenças de software ;;;
4.8;Museus e Monumentos de Portugal EPE;517804417;4;4;48358;eletricidade (4);Ajuste Direto Regime Geral (4);<20k (4);"SET2STAGE,LDA (1); Peixoto & Costa, Lda (1); AOF-Augusto de Oliveira Ferreira, Lda., (1)";25;2026-06-26;"Aquisição de projetores de iluminação, no âmbito da atividade ""Museu à Noite"" - MAS";;;
4.8;Centro de Formação Profissional da Industria Metalúrgica e Metalomecânica (CENFIM);502077352;5;3;55901;eletricidade (3), seguranca_incendio (3), software_ti (2);Concurso público (2), Consulta Prévia (2), Ajuste Direto Regime Geral (1);20-75k (3), <20k (2);"Securitas - Serviço e Tecnologias de Segurança, SA (2); EDNI-EMPRESA DISTRIBUIDORA DE MATERIAL INFORMATICO, LDA. (1); Paulo Dias - Soluções para Informática, Unipessoal, Lda, (1)";40;2026-04-16;Aquisição, por LOTES, de Equipamentos Informáticos;;;
4.6;Centro Paroquial de Social de Santa Maria de Grade;506034976;3;3;95707;fotovoltaico (2), eletricidade (1), seguranca_incendio (1);Consulta Prévia (3);20-75k (3);"Segurvez, Lda. (1); NERGY - UNIPESSOAL, LDA (1); MANUEL CARLOS & SOUSA, LDA(515590916) (1)";33;2026-09-28;PROCEDIMENTO DE AQUISIÇAÕ  DE SISTEMA INTEGRADO DE SEGURANÇA, INCLUINDO FORNECIMENTO, INSTALAÇÃO E COLOCAÇÃO EM FUNCIONA;;;
4.4;GUIMABUS - EMPRESA TRANSPORTES DE GUIMARÃES, UNIPESSOAL, Lda;516198637;2;2;168547;mobilidade_eletrica (2), eletricidade (1), projeto (1);Consulta Prévia (1), Ajuste Direto Regime Geral (1);75-150k (1), <20k (1);"Electrograça - Instalações, L.da. (1); Esboços e Riscos, Atelier de Atquitetura, Engenharia, Construção, Consultadoria - Unipessoal Ldª (1)";50;2025-12-23;Implementação de Infraestruturas de Baixa Tensão para alimentação dos Postos de Carregamento de Veículos Elétricos;;;
4.3;Fundação para a Ciência e a Tecnologia, IP;503904040;6;5;156525;projeto (3), software_ti (2), mobilidade_eletrica (1);Consulta Prévia (3), Ajuste Direto Regime Geral (2), Concurso público (1);20-75k (3), <20k (2), 75-150k (1);"TUU Building Design Management, Lda (2); Prosegur - Companhia De Segurança, Lda. (1); Efacec Electric Mobility, S.A. (1)";33;2026-09-29;Aquisição de Serviços de Elaboração dos Projetos;;;
4.2;Comunidade Intermunicipal do Alto Minho;508754496;5;5;94780;software_ti (3), fotovoltaico (1), projeto (1);Ajuste Direto Regime Geral (3), Consulta Prévia (2);<20k (3), 20-75k (2);"ADEPORTO - AGÊNCIA DE ENERGIA DO PORTO (1); Cascatas & Cataratas, Lda. (1); Wire Maze - Sistemas de Informação, SA (1)";20;2026-05-11;O objeto da presente prestação de serviços consiste na prestação de serviços para a elaboração de um plano de viabilidad;;;
4.1;Centro de Formação Profisssional da Indústria Têxtil, Vestuário Confecção e Lanifícios - MODATEX;509906478;6;5;81261;software_ti (4), eletricidade (1), projeto (1);Ajuste Direto Regime Geral (4), Concurso público (1), Consulta Prévia (1);<20k (3), 20-75k (2), 75-150k (1);"Lectra Portugal, Lda. (2); RIS2048 - Sistemas Informáticos e Comunicações, S.A. (1); Maxiglobal - Equipamentos e Serviços de Informática, SA (1)";33;2026-03-20;Serviços de disponibilização de software e assistência técnica para CAD Modelação nos sistemas Lectra e Gerber;;;
4.0;Vitrus Ambiente, EM, SA;509584888;7;5;56732;software_ti (5), projeto (1), mobilidade_eletrica (1);Ajuste Direto Regime Geral (5), Concurso público (2);<20k (5), 20-75k (2);"Infraspeak S.A. (1); EDIVAC - Energy Consulting, Unipessoal Lda (1); Eleven Systems (1)";14;2026-08-17;Aquisição de plataforma de gestão de manutenção;;;
3.8;Direção-Geral do Livro, dos Arquivos e das Bibliotecas;600084892;4;3;82503;projeto (2), eletricidade (2), seguranca_incendio (1);Consulta Prévia (2), Concurso público (1), Ajuste Direto Regime Geral (1);20-75k (3), <20k (1);"Smartwatt (1); A Energia Azul-Engenharia e Gestão Imobiliária,Lda. (1); Contimetra - Instalações Mecânicas, Lda (1)";25;2026-02-02;Elaboração e submissão dos questionários de avaliação do desempenho do uso de materiais ECOAP 2019-2023 e 2024, auditori;;;
3.6;Instituto do Emprego e da Formação Profissional, IP;501442600;17;4;36698;software_ti (10), eletricidade (4), projeto (3), seguranca_incendio (1);Contratação excluída II (12), Ajuste Direto Regime Geral (4), Concurso público (1);<20k (16), 20-75k (1);"CARLOS JORGE GONÇALVES FERRAZ (2); GUILHERME MANUEL MACHADO HORTA (2); João Pedro Lameira - Engenharia Unipessoal, Lda (1)";12;2026-09-16;2021.005.02.E1  SFP Braga - Bloco C - Cuidados Pessoais - Elaboração de Relatório Auditoria/Certificação Energética - P;;;
3.6;Agrupamento de Escolas Gonçalo Nunes, Barcelos;600070298;5;5;56476;software_ti (5);Consulta Prévia (3), Ajuste Direto Regime Geral (2);<20k (4), 20-75k (1);"Mega Barcelos - Informatica e Tecnologia Unip., Lda. (2); ASNET Unipessoal, Lda (1); Inforários Software, Lda (1)";40;2026-09-02;AQUISIÇÃO DE MATERIAL INFORMÁTICO;;;
3.6;PIEP Associação Pólo de Inovação em Engenharia de Polímeros;504943782;8;5;67190;software_ti (8);Ajuste Direto Regime Geral (3), Contratação excluída II (2), Consulta Prévia (2), Concurso público (1);<20k (4), 20-75k (4);"Esss - Engineering Simulation And Scientific Software Portugal Lda (2); Ricoh Portrugal IT Services Lda. (2); RELOAD – Consultoria Informática. (1)";25;2026-07-20;Aquisição, instalação e configuração do Software Harmony Endpoint Advanced;;;
3.6;Centro Social da Paróquia de Curvos;502622393;2;2;48360;eletricidade (2), fotovoltaico (1);Consulta Prévia (1), Ajuste Direto Regime Geral (1);20-75k (1), <20k (1);"ENAGOR LDA (1); Bcotech Business Communications Technologies, unipessoal Lda (1)";50;2026-05-09;aquisição de sistema solar fotovoltaico;;;
3.4;Tribunal Judicial da Comarca de Viana do Castelo;600086526;2;2;20860;eletricidade (2), seguranca_incendio (1);Consulta Prévia (2);<20k (2);"PEDRO MANUEL COSTA MARTINS UNIP.LDA (1); A.P. Alarmes Portugal, Lda. (1)";50;2026-09-22;Procedimento n.º 2/2026-Consulta Prévia - Substituição de iluminação convencional por iluminação LED nos Palácios da Jus;;;
3.2;Escola Secundária Henrique Medina, Esposende;600006700;4;3;31965;software_ti (3), eletricidade (1), seguranca_incendio (1);Ajuste Direto Regime Geral (3), Concurso público (1);<20k (3), >150k (1);"Linear Consulting Lda. (2); INOVAR +AZ (1); Beltrão Coelho Minho (1)";50;2026-09-17;Prestação de serviços para implementação de sistema de controlo de acessos à escola;;;
3.1;Centro Paroquial de Moreira de Cónegos;501983988;3;3;101658;software_ti (1), eletricidade (1), fotovoltaico (1);Ajuste Direto Regime Geral (2), Consulta Prévia (1);20-75k (2), <20k (1);"LF2 - Sistemas Informáticos, Lda (1); Garmep, Lda. (1); Ertec Lda (1)";33;2026-09-23;Aquisição de equipamentos informáticos e tecnológicos;;;
3.1;Santa Casa da Misericórdia de Paredes de Coura;500868514;2;2;30964;software_ti (1), eletricidade (1), fotovoltaico (1);Ajuste Direto Regime Geral (2);<20k (2);"Rui Fernando Martins (1); Energicoura (1)";50;2026-07-15;FORNECIMENTO DE EQUIPAMENTO INFORMÁTICO;;;
3.1;Santa Casa da Misericórdia da Póvoa de Lanhoso;501409084;4;4;300000;software_ti (2), projeto (2);Consulta Prévia (2), Consulta Prévia Simplificada (2);20-75k (2), 75-150k (2);"MTI - Consulting, Lda (2); HUILD - BUILDING SOLUTIONS, LDA (2)";50;2026-06-25;Aquisição de Equipamento Informático para a UCCI do Hospital António Lopes, da Santa Casa da Misericórdia de Póvoa de La;;;
3.1;Instituto da Conservação da Natureza e das Florestas, I.P.;510342647;4;3;49082;projeto (2), eletricidade (1), fotovoltaico (1);Ajuste Direto Regime Geral (3), Concurso público (1);<20k (2), 20-75k (2);"Featurepoint - Engenharia e Topografia, Lda (2); FLOPONOR S A (1); Bluint - Engenharia e Tecnologias Integradas, Unipessoal, Lda. (1)";50;2026-06-11;Aquisição de serviços de fiscalização de obra pública do Edifício de Serviços Públicos de Braga ;;;
3.0;Agrupamento de Escolas de Fermentões, Guimarães;600070476;6;6;38283;software_ti (6);Consulta Prévia (6);<20k (6);Asnet Unipessoal, Lda (6);100;2026-07-28;Aquisição de Computadores e Equipamento Informático;;;
2.9;Serviços de Acção Social do Instituto Politécnico de Viana do Castelo;600041212;4;4;82352;software_ti (4);Consulta Prévia (2), Ajuste Direto Regime Geral (2);<20k (3), 20-75k (1);"XpertGo - Business Solutions Development, Lda (2); ARROBABIT TECHNOLOGY LDA (1); dstelecom, S.A. (1)";50;2026-03-06;Aquisição de serviços de desenvolvimento para Integração de Ferramentas eID;;;
2.9;Agrupamento de Escolas de Vila Verde;600076881;4;4;12214;software_ti (4);Consulta Prévia (3), Ajuste Direto Regime Geral (1);<20k (4);"ASNET UNIPESSOAL, LDA. (1); Ataraxia - Estudos e Sist.Tec. de Informação, Lda. (1); Verdedata - Sistemas de Informática, Lda. (1)";25;2025-10-28;AQUISIÇÃO DE EQUIPAMENTOS INFORMÁTICOS, LEITOR AUTÓNOMO e SOFTWARES;;;
2.8;Laboratório da Paisagem de Guimarães - Associação para a Promoção do Desenvolvimento Sustentável;513753362;3;3;70953;software_ti (1), mobilidade_eletrica (1), projeto (1);Ajuste Direto Regime Geral (3);<20k (2), 20-75k (1);"RT - Telecomunicações LDA (1); UVE - Associação de Utilizadores de Veículos Elétricos (1); João Luís Ribeiro da Silva Mendes (1)";33;2026-05-25;Instalação e Certificação de  Infraestruturas de Rede Estruturada e Energia;;;
2.7;Esposende 2000 - Actividades Desportivas e Recreativas, E. M. - Sociedade Unipessoal, L.da;503879614;3;3;39450;eletricidade (2), seguranca_incendio (1), software_ti (1);Ajuste Direto Regime Geral (3);<20k (3);"Tecnofão - Instalações Eléctricas E Electrodomésticos, Lda (1); ESPO24-SISTEMAS DE SEGURANÇA LDA (1); Sincelo, Sistemas de Informação, Lda. (1)";33;2025-06-17;Fornecimento e instalação de quadros elétricos para as Piscinas Exteriores do Complexo Piscinas Foz do Cávado;;;
2.6;Escola Profissional de Agricultura e Desenvolvimento Rural de Ponte de Lima;600067971;3;3;29194;software_ti (2), eletricidade (1);Ajuste Direto Regime Geral (3);<20k (3);"BOVIDIFUSÃO-COMÉRCIO DE PRODUTOS AGROPECUÁRIOS,LDA (1); Cristiano & Manuel Fernandes, Lda. (1); Afonso & Gigante, Lda (1)";33;2026-09-04;Fornecimento de Fivelas, Tags e software de apoio para controlo das vacas;;;
2.6;Santa Casa da Misericórdia de Vila Verde;500848750;3;3;134984;software_ti (2), eletricidade (1);Consulta Prévia (2), Consulta Prévia Simplificada (1);20-75k (3);"CFS Solutions Electricidade, Unipessoal, Lda (1); VERDEDATA, Sistemas de Informática, Lda. (1); MEO - Serviços de Comunicações e Multimédia, S.A. (1)";33;2026-06-22;Melhoria dos sistemas de comunicação das Unidades de Cuidados Continuados;;;
2.5;Didáxis - Cooperativa de Ensino, CRL;500341583;4;3;73911;projeto (2), seguranca_incendio (1), software_ti (1);Ajuste Direto Regime Geral (2), Concurso público (1), Consulta Prévia (1);<20k (2), 75-150k (1), 20-75k (1);"Securitas Direct Portugal Unipessoal, Lda. (1); Areal Editores, SA (1); Artur Isac Ribeiro Guimarães Marques (1)";25;2026-09-08;Prestação De Serviços De Manutenção E Assistência Técnica Ao Sistema De Alarmes De Intrusão;;;
2.4;CTI Aeroespacial (Associação);516844156;2;2;38600;projeto (2), software_ti (1);Ajuste Direto Regime Geral (2);<20k (2);"AVIOMOD AEROSPACE TECHNOLOGIES LDA (1); AUTOMACAO EM ENGENHARIA LTDA (1)";50;2025-11-05;Aquisição de serviços de consultoria em certificação aeronáutica para a aeronave regional ARL;;;
2.2;Autoridade Tributária e Aduaneira;600084779;3;3;38170;software_ti (3);Ajuste Direto Regime Geral (3);<20k (3);"Ondata International, Unipessoal, Lda. (1); Advanced Resources, Lda (1); REDSHIFT CONSULTING (1)";33;2026-08-27;Aquisição de 4 (quatro) licenças “Forensic Explorer – FEX and Mount Image PRO” na modalidade de manutenção assegurada du;;;
2.2;Agrupamento de Escolas de Monserrate, Viana do Castelo;600073041;3;3;73408;software_ti (3);Ajuste Direto Regime Geral (2), Consulta Prévia (1);<20k (2), 20-75k (1);"Infor Peixoto (1); UNTILE, LDA (1); INOVAR +AZ (1)";33;2026-04-28;Aquisição de Serviços de Apoio Técnico Informático;;;
2.2;Centro de Solidariedade Social de Valdozende;501324550;3;3;24574;seguranca_incendio (2), fotovoltaico (1);Ajuste Direto Regime Geral (3);<20k (3);"Silsafe Lda (2); Tree Energy (1)";67;2026-02-16;Incremento da potência instalada mas com redução da fatura de energia elétrica na Arca de Noé.;;;
2.2;Agência Nacional para a Gestão do Programa Erasmus + Juventude/Desporto e Corpo Europeu de Solidariedade;600086321;3;3;31113;software_ti (3);Ajuste Direto Regime Geral (3);<20k (3);"DIVULTEC - SERVIÇOS DE INFORMÁTICA, LDA (1); PICTORIAL STORY, UNIPESSOAL Ldª (1); • Filedoc - Software, Lda (1)";33;2026-02-11;Aquisição de Licenças de Servidor Microsoft Azure;;;
2.2;Associação Universidade - Empresa para o Desenvolvimento - TecMinho;502585757;3;3;54435;software_ti (3);Consulta Prévia (2), Ajuste Direto Regime Geral (1);<20k (2), 20-75k (1);"DIGIZOOM-INFORMÁTICA E SERVIÇOS UNIPESSOAL, LDA. (1); KOZOWOOD INDUSTRIES, S.A. (1); WATERIOT - CONSULTORIA E INVESTIGAÇÃO EM ENGENHARIA, LDA (1)";33;2025-11-28;O presente procedimento tem por objeto a aquisição de equipamento e componentes informáticos no âmbito do projeto “TecMi;;;
2.2;AF - Águas de Fafe, E. M.;516383280;3;3;32551;software_ti (3);Ajuste Direto Regime Geral (3);<20k (3);"Vimaponto, Equipamentos e Serviços de Informática, Lda (1); ALLVISION CONSULTING AND TRAINING, LDA. (1); ENERMETER-SISTEMAS DE MEDIÇÃO, UNIPESSOAL LDA (1)";33;2025-11-18;Aquisição de equipamentos para proteção de dados e acessos, solução Sophos,unidade para backup imutável e backup Azure e;;;
2.2;Agrupamento de Escolas Sá de Miranda, Braga;600078248;3;3;4197;software_ti (3);Consulta Prévia (2), Ajuste Direto Regime Geral (1);<20k (3);"MEGABARCELOS - Informática e Tecnologia Unip. Lda. (1); ASNET (1); Augustos da Cunha Gomes, Lda (1)";33;2025-11-05;Aquisição De Material Informático ;;;
2.0;Agrupamento de Escolas de Amares;600085481;4;4;56632;software_ti (4);Consulta Prévia (2), Ajuste Direto Regime Geral (2);<20k (3), 20-75k (1);"ASNET Unipessoal, Lda (3); Inforários Software, Lda. (1)";75;2026-09-11;AQUISIÇÃO DE MATERIAL INFORMÁTICO;;;
2.0;A. D. A. M. - Águas do Alto Minho, SA;515486159;18;2;17940;eletricidade (6), projeto (5), software_ti (5), mobilidade_eletrica (2), seguranca_incendio (1);Concurso público (12), Setores especiais – isenção parte II (3), Ajuste Direto Regime Geral (2), Concurso limitado por prévia qualificação (1);75-150k (7), <20k (6), 20-75k (3), >150k (2);"HIDMA-Hidráulica e Automação, SA. (5); CUNHA BASTOS, LDA (2); PRÁXIS - SOCIEDADE DE SERVIÇOS TÉCNICOS, UNIPESSOAL LDA (1)";28;2026-07-14;Aquisição de Quadripé;;;
2.0;Agrupamento de Escolas de Ponte de Lima;600075168;1;1;14120;eletricidade (1), seguranca_incendio (1), software_ti (1);Ajuste Direto Regime Geral (1);<20k (1);INOVAR +AZ - SISTEMAS DE INFORMAÇÃO, LDA. (1);100;2026-02-19;Aquisição de serviços de Licenciamento de Software e Serviços Conexos de um sistema integrado de gestão de escolas - Sof;;;
1.9;Agrupamento de Escolas de Prado, Vila Verde;600079619;2;2;8792;eletricidade (1), software_ti (1);Ajuste Direto Regime Geral (1), Consulta Prévia (1);<20k (2);"ELECTRO FERNANDES, LDA (1); Asnet (1)";50;2026-07-10;AQUISIÇÃO DE MATERIAL ELETRICO E SERVIÇOS DE INSTALAÇÃO;;;
1.8;CENTITVC - Centro de Nanotecnologia e Materiais Técnicos, Funcionais e Inteligentes;507682734;19;2;90700;software_ti (12), eletricidade (4), seguranca_incendio (1), fotovoltaico (1), mobilidade_eletrica (1);Contratação excluída II (17), Ajuste Direto Regime Geral (2);<20k (11), 20-75k (6), 75-150k (2);"SQÉDIO LDA (2); Equilabrium SAS (1); TEQUIMAQ - MÁQUINAS PARA INDÚSTRIA QUÍMICA E CORTI (1)";11;2026-08-11;Aquisição de diversos componentes necessários para o sistema de eletrólise para testes e validação dos processos de sínt;;;
1.7;Taipas-Turitermas-Cooperativa de Interesse Público, RL;501676430;2;2;14920;software_ti (1), seguranca_incendio (1);Ajuste Direto Regime Geral (2);<20k (2);"Sincronideia Lda (1); Xamix - Engenharia e Sistemas de Segurança Lda (1)";50;2026-07-14;Aquisição de serviços de consultoria no âmbito do RGPD, DPO e RGPC;;;
1.7;IB - Agência para a Dinamização Económica, EM;504807706;2;2;94400;projeto (2);Ajuste Direto Regime Geral (1), Consulta Prévia (1);<20k (1), 20-75k (1);"Tabique - Engenharia, Lda. (1); Vitor Hugo - Coordenação e Gestão de Projetos, S.A. (1)";50;2026-05-05;A D N.º 14/2026 - Revisão do projeto de especialidades no âmbito do projeto Bio-MedTech Hub;;;
1.7;FORAVE - Associação para a Educação Profissional do Vale do Ave;502503874;4;2;8478;software_ti (3), eletricidade (1);Ajuste Direto Regime Geral (2), Concurso público (2);<20k (2), >150k (2);"Inforabreu (+2) (2); Estrelabinária, Lda. (1); DBG - Gabinete de Aplicações INformáticas, Lda. (1)";50;2026-02-12;Serviços Gestão Financeira projetos_CTE;;;
1.7;Serviço de Utilização Comum dos Hospitais;500900469;2;2;80300;projeto (2);Consulta Prévia (1), Ajuste Direto Regime Geral (1);20-75k (1), <20k (1);"Formato EC - Consultoria e Engenharia, Lda (1); CENTERM (1)";50;2026-01-29;Prestação de Serviços para Elaboração do projeto de Arranjos Exteriores - ULSTMAD;;;
1.6;Santa Casa da Misericórdia de Barcelos;500239886;2;2;159650;software_ti (1), projeto (1);Consulta Prévia (1), Consulta Prévia Simplificada (1);20-75k (1), 75-150k (1);"Bitpro Sistemas Informção, Lda (1); Huild – Building Solutions, Lda (1)";50;2026-08-28;Aquisição de Equipamentos Informáticos para a UCCI de Santo António da Santa Casa da Misericórdia de Barcelos;;;
1.6;Centro Social do Vale do Homem;507533208;3;2;111300;projeto (2), software_ti (1);Consulta Prévia (2), Concurso público (1);20-75k (2), <20k (1);"João A.V.Pimenta Lda - Divitec (1); T.D.P. - Projectos e Fiscalizacao, Lda (1); ORIZEC - Gestão, Coordenação e Fiscalização, Unipessoal, Lda. (1)";33;2026-07-31;Aquisição de Equipamento móvel e informático para a CASA MÃE (resposta social CACI e RAI);;;
1.6;Associação TECMEAT - Centro de Competências do Agroalimentar para o Setor das Carnes;515113859;2;2;48599;software_ti (1), projeto (1);Ajuste Direto Regime Geral (1), Consulta Prévia (1);<20k (1), 20-75k (1);"JANS INFORMÁTICA - Sociedade Unipessoal, Lda. (1); Alicontrol - Tecnologia e Controlo de Alimentos, Lda. (1)";50;2026-07-07;Fornecimento de equipamento informático (hardware) e software destinado ao sistema de informação do TECMEAT;;;
1.5;Agrupamento de Escolas Dr. Francisco Sanches;600072541;3;3;28425;software_ti (3);Consulta Prévia (3);<20k (2), 20-75k (1);"Inforlândia,SA (2); Areal Editores, S.a. (1)";67;2026-09-14;AQUISIÇÃO DE MATERIAL INFORMÁTICO – Kits Digitais e Biblioteca;;;
1.5;Agrupamento de Escolas Alberto Sampaio, Braga;600077594;3;3;16113;software_ti (3);Consulta Prévia (2), Ajuste Direto Regime Geral (1);<20k (3);Amplitude Portatil, Unip. Lda (3);100;2026-07-09;AQUISIÇÃO DE MATERIAL INFORMÁTICO;;;
1.5;Escola Artística Cons.Música Calouste Gulbenkian;600041247;3;3;8888;software_ti (3);Consulta Prévia (2), Ajuste Direto Regime Geral (1);<20k (3);"Asnet Unipessoal, Lda (2); Sons do Clássico unip. Lda (1)";67;2026-07-06;AQUISIÇÃO DE PONTOS DE ACESSO DE REDE WIFI;;;
1.5;Instituto São João de Deus;500927731;3;2;64283;software_ti (2), projeto (1);Consulta Prévia (2), Concurso público (1);20-75k (2), 75-150k (1);"CPCECHO, LDA (1); MEGABARCELOS - Informática e Tecnologia Unip. Lda. (1); Atelier Arquitetura e Engenharia Filipe & Gabriela, Lda (1)";33;2026-07-01;Aquisição de equipamento informático e de rede, por lotes;;;
1.5;Zendensino - Cooperativa de Interesse Público de Responsabilidade Limitada;504639862;4;2;49188;software_ti (3), projeto (1);Concurso público (2), Ajuste Direto Regime Geral (1), Consulta Prévia (1);>150k (1), 75-150k (1), <20k (1), 20-75k (1);"ClouDirect Lda (2); INOVAR +AZ - Sistemas de Informação, Lda (1); Atelier Arquitetura e Engenharia Filipe & Gabriela, Lda (1)";50;2026-03-13;Aquisição de equipamento informático e de rede, por lotes;;;
1.5;Freguesia de Sequeira;507031350;1;1;6861;eletricidade (1), seguranca_incendio (1);Ajuste Direto Regime Geral (1);<20k (1);S.E.S.I. - SIST. ELECTRONICOS SEGURANÇA INTEGRADA, LDA (1);100;2026-02-11;Aquisição e instalação de sistema de segurança e videovigilância para a sede da Junta de Freguesia de Sequeira;;;
1.5;Agrupamento de Escolas Carlos Amarante, Braga;600081311;3;3;59777;software_ti (3);Consulta Prévia (3);<20k (2), 20-75k (1);"ASNET UNIPESSOAL, LDA. (2); Amplitude Portatil, Unip. Lda (1)";67;2025-12-26;AQUISIÇÃO DE MATERIAL INFORMÁTICO E AFINS;;;
1.5;Agrupamento de Escolas de Santa Maria Maior;600072800;3;3;29734;software_ti (3);Ajuste Direto Regime Geral (3);<20k (3);"InfNetWork de Michel Alexandre Rodrigues Alves (2); Manuel Rui Azinhais Nabeiro, Unipessoal, Lda (1)";67;2025-12-18;Aquisição de café e produtos afins ;;;
1.5;Agrupamento de Escolas de Maximinos, Braga;600084256;3;3;33819;software_ti (3);Consulta Prévia (3);<20k (2), 20-75k (1);"ASNET (2); ATARAXIA-ESTUDOS E SERVIÇOS EM TECN DE INFORMAÇÃO LDA (1)";67;2025-12-03;AQUISIÇÃO DE EQUIPAMENTOS INFORMÁTICOS, LEITOR AUTÓNOMO E SOFTWARES;;;
1.5;EPB - Escola Profissional de Braga, Lda;504103032;1;1;20219;eletricidade (1), seguranca_incendio (1);Consulta Prévia (1);20-75k (1);ALPHASC, UNIPESSOAL, LDA (1);100;2025-11-26;"Consulta Prévia nº 6/2025-Aquisição de serviços de ligação do sistema de deteção de
intrusão e incêndio do sistema de CC";;;
1.5;MARB - Mercado Abastecedor da Região de Braga, S. A.;503919403;1;1;5280;eletricidade (1), seguranca_incendio (1);Consulta Prévia (1);<20k (1);Sepreve - Equipamentos de Prevenção e Segurança, Lda. (1);100;2025-11-18;Prestação de Serviços de Assistência e Manutenção do SADI;;;
1.4;Agrupamento de Escolas de Cabeceiras de Basto;600084230;2;2;11365;software_ti (2);Consulta Prévia (2);<20k (2);"CBL - Computadores de Basto, Lda (1); Duetoriginal, Unipessaol, Lda (1)";50;2026-10-02;Serviço na Assistência Técnica aos Equipamentos Informáticos no Agrupamento de Escolas de Cabeceiras de Basto;;;
1.4;Santa Casa da Misericórdia de Fafe;501403256;2;2;42561;software_ti (2);Consulta Prévia (1), Ajuste Direto Regime Geral (1);20-75k (1), <20k (1);"CHEAPTRADE - lojas de informática, Lda (1); Eduardo Sousa (1)";50;2026-09-15;Aquisição de equipamento informático destinado à ERPI Cónego Leite de Araújo (Lar 1), no âmbito da candidatura PRR-RE-C0;;;
1.4;Agrupamento de Escolas Alcaides de Faria;600085449;2;2;1728;software_ti (2);Ajuste Direto Regime Geral (2);<20k (2);"Megabarcelos Inf. e Tecnologia Unipessoal Lda (1); DCS, Lda (1)";50;2026-08-13;Aquisição de material informático;;;
1.4;Comunidade Intermunicipal do Cávado;508779472;2;2;118400;software_ti (2);Consulta Prévia (2);20-75k (2);"Silvertic-equipamentos Escritório, Lda (1); NOVAVERDEIT - SOLUÇÕES INFORMÁTICAS, LDª (1)";50;2026-08-13;Aquisição de 4 scanners planos de grande formato para digitalização profissional, incluindo instalação e configuração na;;;
1.4;INOVINTER - Centro de Formação e de Inovação Tecnológica;504797956;2;2;77138;software_ti (2);Ajuste Direto Regime Geral (1), Consulta Prévia (1);<20k (1), 20-75k (1);"INCENTEA - TECHNOLOGY FOR PEOPLE, S.A (1); LISTOPSIS- Business Solutions Lda (1)";50;2026-02-27;Não havendo recursos internos, com conhecimentos suficientes para o desenvolvimento do trabalho, a contratação da presta;;;
1.4;Cooperativa de Ensino de Vila Nova de Famalicão, CRL;504511734;2;2;8238;software_ti (2);Ajuste Direto Regime Geral (2);<20k (2);"DBG - Gabinete de Aplicações INformáticas, Lda. (1); Ondulante & Corajoso - Unipessoal Lda (1)";50;2026-02-26;"Aquisição de serviços de assistência técnica ao software dbGEP  

";;;
1.4;Empresa Municipal de Educação e Cultura de Barcelos, E. M.;504635417;4;2;15833;software_ti (4);Ajuste Direto Regime Geral (2), Concurso público (2);<20k (2), >150k (2);"MEO - Serviços de Comunicações e Multimédia, S.A. (2); Webout - Soluções de Internet Lda. (1); Vimaponto, Equipamentos e Serviços de Informática, SA (1)";50;2026-02-06;Assistência Técnica Informática;;;
1.4;Associação Empresarial de Fafe, Cabeceiras de Basto e Celorico de Basto;500876096;2;2;19257;software_ti (2);Ajuste Direto Regime Geral (2);<20k (2);"Primavera-Business Software Solutions S.A. (1); CODEVISION, S. A. (1)";50;2026-01-28;"Contrato de licenciamento de software de contabilidade
";;;
1.2;IRMANDADE DA SANTA CASA DA MISERICÓRDIA DE RIBA D'AVE;500746656;2;2;244800;projeto (2);Consulta Prévia Simplificada (2);75-150k (2);HUILD - BUILDING SOLUTIONS, LDA (2);100;2026-05-22;Aquisição de Serviços de Elaboração de Projeto de Execução de Arquitetura e Especialidades, Assessoria em Contratação Pú;;;
1.2;Sociedade Martins Sarmento;501073477;2;2;53200;projeto (2);Consulta Prévia (1), Ajuste Direto Regime Geral (1);20-75k (1), <20k (1);CREAR - CRIAÇÃO E ESTUDOS DE ARQUITECTURA E ENGENHARIA, LDA. (2);100;2025-12-22;Serviços de elaboração de projetos de arquitetura e especialidades no âmbito do novo polo arqueológico da Sociedade Mart;;;
1.1;Centro Social Cultural e Recreativo das Freguesias de Messegães Valarares e Sá - Monção;502826347;1;1;49192;eletricidade (1), fotovoltaico (1);Consulta Prévia (1);20-75k (1);Rscr - Electricidade e Iluminação, Lda. (1);100;2025-08-11;Este procedimento destina-se à instalação de painéis fotovoltaicos no edifício do CENSO.;;;
1.0;Serviços Municipalizados de Viana do Castelo;680012907;4;1;10923;software_ti (2), eletricidade (2);Concurso público (3), Ajuste Direto Regime Geral (1);<20k (3), >150k (1);"OLIMEC, UNIPESSOAL LDA (2); Ergontotis Lda (1); Medidata.Net - Sistemas de Informação para Autarquias, SA (1)";50;2026-09-25;Aquisição de solução tecnológica integrada de suporte operacional;;;
1.0;ADEMINHO - Associação para o Desenvolvimento do Ensino Profissional do Alto Minho Interior;504853198;2;2;13334;software_ti (2);Ajuste Direto Regime Geral (2);<20k (2);Divultec-Serviços de Informática, Lda. (2);100;2026-06-04;Aquisição de serviços de renovação de licenciamento e manutenção de software.;;;
1.0;Santa Casa da Misericórdia de Fão - Hospital e Lar S. João de Deus;500779112;2;1;161500;eletricidade (1), projeto (1);Consulta Prévia (1), Concurso público (1);>150k (2);"Cardoso & Rocha's - Instalações Eléctricas, Lda. (1); Onworks - Construções, Lda (1)";50;2026-05-08;Aquisição e Instalação do Grupo Gerador;;;
1.0;Escola Secundária Martins Sarmento, Guimarães;600010791;2;2;11693;software_ti (2);Ajuste Direto Regime Geral (2);<20k (2);Asnet Unipessoal, Lda (2);100;2026-03-16;Aquisição de Material de Informática;;;
1.0;Didáxis II - Formação e Serviços, S. A.;510785646;2;2;98132;software_ti (2);Consulta Prévia (2);20-75k (2);"MGVSI - INFORMÁTICA, CONSULTADORIA SIST. DE INF., LDA (1); Decsis - Sistemas de Informação SA (1)";50;2025-09-30;Aquisição de computadores, monitores e quadros interativos;;;
1.0;Associação Comercial de Braga;500971285;2;2;108456;software_ti (2);Consulta Prévia Simplificada (1), Ajuste Direto Regime Geral (1);75-150k (1), <20k (1);"E-goi, lda (1); EDIGMA, S.A. (1)";50;2025-09-26;Aquisição de ferramenta de marketing CDP, automação omnicanal, tracking identificado em espaço físico e serviços transac;;;
1.0;EPAVE - Escola Profissional do Alto Ave, E. M.;504596608;3;2;15857;software_ti (3);Ajuste Direto Regime Geral (2), Concurso público (1);<20k (2), 75-150k (1);"Configbit - Soluções Tecnológicas Uniessoal, Lda. (1); Xdoc – Equipamentos de Escritório, Lda (1); LIF - Luis Ismael Fernandes, unip Lda (1)";33;2025-08-12;Aquisição de Equipamentos e Material Informático para o Centro Tecnológico Especializado;;;
0.8;Santa Casa da Misericórdia de Vizela;500848610;1;1;252264;fotovoltaico (1);Consulta Prévia Simplificada (1);>150k (1);Allfix, Lda (1);100;2026-10-02;Empreitada de Instalação de Painéis Fotovoltaicos para Autoconsumo para a Santa Casa da Misericórdia de Vizela;;;
0.8;APF VianaFestas - Associação Promotora das Festas da Cidade de Viana do Castelo;505552060;1;1;5125;eletricidade (1);Ajuste Direto Regime Geral (1);<20k (1);Painhas SA (1);100;2026-08-14;Serviço de montagem de ramal elétrico;;;
0.8;LAR DE SANTO ANTÓNIO;500886342;1;1;99400;fotovoltaico (1);Consulta Prévia Simplificada (1);75-150k (1);Trajetos com Energia, Ld (1);100;2026-06-22;Empreitada de instalação de sistema fotovoltaico com baterias de acumulação para autoconsumo;;;
0.8;Santa Casa da Misericórdia de Melgaço;500852464;1;1;8800;fotovoltaico (1);Ajuste Direto Regime Geral (1);<20k (1);Fourclim, Lda (1);100;2026-06-03;Aquisição de Serviços para Fornecimento e Montagem de Sistema Fotovoltaico para o Edifício Creche e Jardim de Infância;;;
0.8;Agrupamento de Escolas Padre Benjamim Salgado;600085554;1;1;18596;eletricidade (1);Ajuste Direto Regime Geral (1);<20k (1);A. Lopes & Fernandes, Lda (1);100;2026-05-20;"Aquisição de Material de Eletrónica e Eletricidade para os Cursos 
Profissionais do AEPBS, para o ano civil de 2026 ";;;
0.8;Fundação Stela e Oswaldo Bomfim;502948884;1;1;20700;fotovoltaico (1);Consulta Prévia (1);20-75k (1);JAF-Energias Renováveis Lda (1);100;2026-05-14;Fornecimento, Instalação e Colocação em Serviço do Sistema de Autoconsumo Fotovoltaico na empreitada Novo Equipamento So;;;
0.8;Freguesia de Facha;507032454;1;1;40234;eletricidade (1);Consulta Prévia (1);20-75k (1);CUNHA BASTOS, LDA (1);100;2026-03-31;Remodelação de infraestruturas elétricas – novo arruamento na Facha, PTL;;;
0.8;A Giromundo Viagens e Turismo, Lda.;503578754;1;1;72290;mobilidade_eletrica (1);Consulta Prévia (1);20-75k (1);RZSOLAR, LDA (1);100;2026-03-24;FORNECIMENTO E INSTALAÇÃO DOIS CARREGADORES ELÉTRICOS  E EXECUÇÃO DA INSTALAÇÃO DA INFRAESTRUTURA DE CARREGAMENTO E CONT;;;
0.8;Cooperativa de Educação e Reabilitação de Crianças Inadaptadas de Fafe, CRL;500860602;1;1;36882;fotovoltaico (1);Consulta Prévia (1);20-75k (1);TECNIAGRELA, LDA. (1);100;2026-03-11;Procedimento N.º 04/2026 - Consulta Prévia - “Eficiência Energética – CACI’s”;;;
0.8;União das Freguesias de Merelim (São Pedro) e Frossos;510837913;1;1;29920;eletricidade (1);Ajuste Direto Regime Geral (1);20-75k (1);Ligalote, Lda (1);100;2026-02-27;Instalação de Iluminação Pública nos percursos pedestres das margens do rio Torto;;;
0.8;Agrupamento de Escolas de Barcelos;600085198;6;1;29250;software_ti (5), fotovoltaico (1);Concurso público (5), Consulta Prévia (1);>150k (2), 20-75k (2), 75-150k (1), <20k (1);"PGISI, Lda (2); MEO - Serviços de Comunicações e Multimédia, S.A. (+1) (1); Clevermaster - Sociedade de Equipamentos Audiovisuais e Multimédia, Lda. (1)";33;2025-12-22;Aquisição de equipamento para equipar o Centro Tecnológico Especializado - Informática, por lotes;;;
0.8;Freguesia de Palmeira;507330536;2;2;51750;projeto (2);Consulta Prévia (2);<20k (1), 20-75k (1);Bizz Box, Lda (2);100;2025-04-24;Prestação de serviços de elaboração de Projeto de Arquitetura e Especialidades de Engenharia – Requalificação de Ruas e ;;;
0.7;EAmb - Esposende Ambiente, EM;507068076;2;1;89412;software_ti (2);Concurso público (1), Ajuste Direto Regime Geral (1);>150k (1), 75-150k (1);"Digiheart, Lda (1); CASO - Consultores Associados de Organizações e Informática , Lda. (1)";50;2026-09-16;Aquisição da Renovação do Sistema de CiberSegurança Checkpoint e Serviços Especializados Security e Compliance;;;
0.7;Turismo do Porto e Norte de Portugal;508905435;2;1;24300;software_ti (2);Consulta Prévia (1), Concurso público (1);20-75k (1), <20k (1);"RURISOCIETATE, UNIPESSOAL LDA. (1); Exitus, Soluções Tecnológicas, Lda. (1)";50;2025-11-05;Consultoria para Desenvolvimento de sistema de informação relativo à atividade turística nas Cidades e o seu Potencial T;;;
0.7;EsproMinho - Escola Profissional do Minho, L.da;504731475;2;1;3288;software_ti (2);Concurso público (1), Ajuste Direto Regime Geral (1);>150k (1), <20k (1);"Bcn - Sistemas de Escritório e Imagem, S.a. (1); CODEVISION SA (1)";50;2025-11-05;Aquisição e instalação de equipamento didático e de equipamento informático, para CTE INFORMÁTICA ESPROMINHO;;;
0.7;Agrupamento de Escolas André Soares, Braga;600081702;2;2;37609;software_ti (2);Consulta Prévia (2);<20k (1), 20-75k (1);ASNET UNIPESSOAL, LDA. (2);100;2025-07-15;Aquisição De Material Informático – kits Digitais II;;;
0.6;IRIS - Instituto de Reabilitação e Integração Social;502722932;1;1;74000;projeto (1);Consulta Prévia (1);20-75k (1);DUARTE & GODINHO, LDA (1);100;2026-10-02;Prestação de serviços de elaboração da alteração ao loteamento, estudo prévio de arquitetura e anteprojeto/ projeto base;;;
0.6;Freguesia de Vila Boa;519048458;1;1;11890;projeto (1);Consulta Prévia (1);<20k (1);Miguel Terra Sá - Arquitetura, Unipessoal Lda. (1);100;2026-10-02;Aquisição de serviços para elaboração de projeto de arquitetura e engenharia, incluindo o respetivo projeto de execução ;;;
0.6;Fundação INATEL;500122237;1;1;59850;projeto (1);Consulta Prévia (1);20-75k (1);RUPTURA - PLANEAMENTO E GESTÃO DE PROJETOS, LDA (1);100;2026-09-10;Aquisição de serviços para elaboração dos projetos de licenciamento e execução para construção da nova piscina interior ;;;
0.6;Instituto do Turismo de Portugal, IP;508666236;1;1;60585;projeto (1);Consulta Prévia (1);20-75k (1);Pengest, SA (1);100;2026-08-12;Aquisição de serviços de fiscalização e coordenação de segurança em obra das empreitadas para implementação de medidas d;;;
0.6;Agrupamento Europeu de Cooperação Territorial do Rio Minho - AECT Rio Minho;514724790;1;1;75000;projeto (1);Consulta Prévia (1);75-150k (1);CONSULTORIA INRUPRE SL (1);100;2026-08-10;"Aquisição de serviços para ""Elaboração do projeto de execução para da Ponte Pedonal Internacional As Neves - Monção""";;;
0.6;Freguesia de Oleiros;507064402;1;1;9250;projeto (1);Ajuste Direto Regime Geral (1);<20k (1);GMF - ENGENHARIA & ARQUITECTURA, LDA (1);100;2026-07-27;Aquisição de Serviços de Elaboração de Projeto de Execução para o Museu da Pirotecnia Oleirense e Casa dos Sabores de Ol;;;
0.6;Instituto para os Comportamentos Aditivios e as Dependências, I.P. (ICAD, I.P.);517839539;1;1;7740;projeto (1);Consulta Prévia (1);<20k (1);TUU - Building Design Management, S.A. (1);100;2026-07-14;Aquisição Serviços de Fiscalização das Empreitas do CRI Braga, UD Norte, UD e UA Coimbra e CRI de Setúbal;;;
0.6;Freguesia de Alvelos;507091329;1;1;7302;projeto (1);Ajuste Direto Regime Geral (1);<20k (1);Adelino Jorge de Sá Campinho (1);100;2026-06-18;Elaboração de projeto para construção da Capela Mortuária de Alvelos;;;
0.6;Centro Social da Paróquia de Polvoreira;502843918;1;1;69900;projeto (1);Consulta Prévia (1);20-75k (1);HUILD - BUILDING SOLUTIONS, LDA (1);100;2026-05-28;Aquisição de Serviços de Elaboração de Projeto de Execução de Arquitetura e Especialidades, Assessoria em Contratação Pú;;;
0.6;Irmandade de Santa Casa da Misericórdia de S. Miguel de Refojos;501501428;1;1;104900;projeto (1);Consulta Prévia Simplificada (1);75-150k (1);HUILD - BUILDING SOLUTIONS, LDA (1);100;2026-05-21;Aquisição de Serviços de Elaboração de Projeto de Execução de Arquitetura e Especialidades, Assessoria em Contratação Pú;;;
0.6;União das Freguesias de Viatodos, Grimancelos, Minhotães e Monte de Fralães;510840957;1;1;7500;projeto (1);Ajuste Direto Regime Geral (1);<20k (1);Nelson Manuel Novais Alves (1);100;2026-05-18;Elaboração de projetos de arquitetura para a Rua da Isabelinha e requalificação da antiga pré-primária de Grimancelos;;;
0.6;Freguesia de Tadim;507007239;1;1;5850;projeto (1);Ajuste Direto Regime Geral (1);<20k (1);Bizz Box, Lda (1);100;2026-05-07;aquisição de serviços para “Elaboração de projeto de águas pluviais em via pública”;;;
0.6;Associação Maconde - Braga;501994556;1;1;37000;projeto (1);Consulta Prévia (1);20-75k (1);Atelier de Arquitectura e Engenharia - Filipe & Gabrielela, Lda. (1);100;2026-04-29;Aquisição dos serviços para a elaboração do Projeto de Arquitetura, Projetos de Especialidades e Projeto de Execução, pa;;;
0.6;Comunidade dos Baldios de Soajo;901443387;1;1;6250;projeto (1);Ajuste Direto Regime Geral (1);<20k (1);Raízes Independentes, Lda. (1);100;2026-04-05;Fiscalização do Projeto de Beneficiação e Condução de Povoamento de Pinheiro Bravo – Parcela 1 e 2 do Soajo;;;
0.6;União das Freguesias de Agrela e Serafão;510833870;1;1;22300;projeto (1);Consulta Prévia (1);20-75k (1);GeoXXI Lda. (1);100;2026-03-06;Aquisição de Serviços de Projeto de Execução das diferentes especialidades, nomeadamente, Arquitetura Paisagista e Engen;;;
0.6;Centro Social da Paróquia S. Martinho de Medelo;502714603;1;1;9900;projeto (1);Ajuste Direto Regime Geral (1);<20k (1);ARQUEURO – Gabinete de Arquitectura e Engenharia, Lda (1);100;2026-03-06;AQUISIÇÃO DE SERVIÇOS DE ELABORAÇÃO DE ESPECIFICAÇÕES TÉCNICAS E PROJETO DE EXECUÇÃO DA EMPREITADA DE UNIDADE DE CUIDADO;;;
0.6;Centro Social Paroquial de São Sebastião de Chafé;501436260;1;1;50200;projeto (1);Consulta Prévia (1);20-75k (1);ARTOPE - GAB. ARQUITETURA, TOPOGRAFIA E ENGENHARIA LDA (1);100;2026-02-22;Serviços de projetos de licenciamento e de execução de arquitetura e projetos de especialidades, destinada à obra de alt;;;
0.6;Serviços Sociais da Guarda Nacional Republicana;501433813;1;1;12000;projeto (1);Consulta Prévia (1);<20k (1);Michael Mocho dos Santos (1);100;2026-02-10;PRESTAÇÃO DE SERVIÇOS NA MODALIDADE DE AVENÇA PARA A COORDENAÇÃO E FISCALIZAÇÃO DAS OBRAS NOS DISTRITOS DE BRAGA, VILA R;;;
0.6;Associação dos Amigos da Pessoa Especial Limiana - AAPEL;509225780;1;1;59993;projeto (1);Ajuste Direto Regime Geral (1);20-75k (1);HQMT ATELIER LDA (1);100;2026-02-08;Elaboração/adaptação de projetos de execução de arquitetura e especialidades tendo em vista um programa mais ambicioso, ;;;
0.6;Centro Social Paroquial de Santa Marinha da Costa;501624619;1;1;5000;projeto (1);Ajuste Direto Regime Geral (1);<20k (1);Exigência Pioneira - Engenharia Construção Unipessoal, Lda. (1);100;2026-02-03;Fiscalização e Seg. Obra;;;
0.6;Cáritas Arquidiocesana de Braga;501438394;1;1;18250;projeto (1);Ajuste Direto Regime Geral (1);<20k (1);ARQUEURO – Gabinete de Arquitectura e Engenharia, Lda (1);100;2025-12-31;"“Serviços de Fiscalização e Coordenação de Segurança para a Empreitada -"" Construção de Centro de Acolhimento de Emergên";;;
0.6;Associação Sócio-Cultural de São Gens de Salamonde;510316131;1;1;37000;projeto (1);Consulta Prévia (1);20-75k (1);Atelier Arquitetura e Engenharia Filipe & Gabriela, Lda (1);100;2025-12-04;Elaboração do Projeto de Arquitetura, Projetos de Especialidades e Projeto de Execução, para a ampliação do edifício des;;;
0.6;Freguesia de Urgezes;506883779;1;1;9324;projeto (1);Ajuste Direto Regime Geral (1);<20k (1);Hous3.Arquitectura, Unipessoal, Lda. (1);100;2025-11-16;"Projeto de alteração de canal de linha de água, constituído por: Levantamento Topográfico; Elaboração das plantas, corte";;;
0.6;União das Freguesias de Valença, Cristelo Covo e Arão;510840850;1;1;19600;projeto (1);Ajuste Direto Regime Geral (1);<20k (1);Sandra Cavaleiro Arquiteta, Unipessoal, Lda (1);100;2025-11-14;Projeto de requalificação do Espaço da Antiga ETAR em Arão;;;
0.6;Centro Paroquial e Social de São João Baptista de Bico;504781995;1;1;5850;projeto (1);Ajuste Direto Regime Geral (1);<20k (1);R2P Consultoria Lda. (1);100;2025-10-30;serviços de coordenação de segurança em obra e fiscalização;;;
0.6;União das Freguesias de Escudeiros e Penso (Santo Estevão e São Vicente);510836569;1;1;6950;projeto (1);Ajuste Direto Regime Geral (1);<20k (1);Manuel Ângelo Bastos de Andrade Marques (1);100;2025-10-13;Serviços de fiscalização de obra para reabilitação da antiga pré-Primária adaptando-a para duas habitações, no âmbito do;;;
0.6;Freguesia de Ronfe;506970892;1;1;47805;projeto (1);Consulta Prévia (1);20-75k (1);A.L.M.A., Unipessoal, Lda. (1);100;2025-10-09;Projeto da Casa Mortuária: Elaboração do projeto de arquitetura, arquitetura paisagística e projetos de especialidades d;;;
0.6;Freguesia de Balugães;506960609;1;1;84876;eletricidade (1);Consulta Prévia (1);75-150k (1);Martins & Filhos, S.A. (1);100;2025-10-07;Eletrificação do Campo de Futebol da Giesta;;;
0.6;Centro Social João Paulo II;501545921;1;1;69000;fotovoltaico (1);Consulta Prévia (1);20-75k (1);MGLS - Soluções de Energias Renováveis (1);100;2025-09-12;Aquisição e instalação de painéis fotovoltaicos;;;
0.6;Freguesia de Cristelo;507060032;1;1;14818;eletricidade (1);Ajuste Direto Regime Geral (1);<20k (1);Narciso de Carvalho & Filhos, Lda (1);100;2025-08-05;Iluminação na Avenida da Igreja;;;
0.6;Centro Social Padre David de Oliveira Martins;500899592;1;1;144960;eletricidade (1);Consulta Prévia (1);75-150k (1);ClimaCruz-Instalação Ar Condicionado e Ventilação, Lda (1);100;2025-06-26;Empreitada de substituição do sistema de aquecimento e AQS, para a implementação de medidas de eficiência energética no ;;;
0.5;Centro Social Paroquial de Areosa;504630490;1;1;8827;software_ti (1);Ajuste Direto Regime Geral (1);<20k (1);Sioslife, S.A. (1);100;2026-09-23;"Aquisição de bens móveis no âmbito do Programa de Requalificação e Alargamento da Rede de
Equipamentos e Respostas Socia";;;
0.5;Santa Casa da Misericórdia de Braga;500848645;1;1;74970;software_ti (1);Consulta Prévia (1);20-75k (1);Senergil - Serviços de Energia, Ldª. (1);100;2026-09-01;Aquisição de Equipamento Informático para o Pavilhão Sul da Santa Casa da Misericórdia de Braga;;;
0.5;Irmandade da Santa Casa de Misericórdia de Esposende;501091980;1;1;64024;software_ti (1);Consulta Prévia (1);20-75k (1);Rcsoft - Sistemas de Informação Unipessoal, Lda (1);100;2026-08-31;Convite à apresentação de proposta no procedimento de consulta prévia para aquisição de Equipamentos de Rede e Cibersegu;;;
0.5;Santa Casa da Misericórdia de Arcos de Valdevez;500835918;1;1;9246;software_ti (1);Consulta Prévia (1);<20k (1);Inforvez (1);100;2026-08-13;Aquisição de Equipamento Informático Unidade de Convalescença;;;
0.5;Tempo Livre Fisical - Centro Comunitário de Desporto e Tempos Livres, CIPRL;505197200;1;1;17923;software_ti (1);Ajuste Direto Regime Geral (1);<20k (1);Sincelo (1);100;2026-07-27;AQUISIÇÃO DE PACOTE DE SOFTWARE E SÉRIES DE PACOTES DE SOFWARE PARA GESTÃO DE INSTALAÇÕES;;;
0.5;Associação Fibrenamics - Instituto de Inovação Em Materiais Fibrosos e Compósitos;516549952;1;1;74950;software_ti (1);Consulta Prévia (1);20-75k (1);Mercatura Tecnologias de Informação LDA (1);100;2026-07-19;Aquisição de software de gestão de projetos financiados;;;
0.5;Agrupamento de Escolas Rosa Ramalho, Barcelos;600078132;1;1;1350;software_ti (1);Ajuste Direto Regime Geral (1);<20k (1);ATL Minho, Unipessoal, Lda (1);100;2026-07-14;AQUISIÇÃO DE SOFTWARE DE ANTIVIRUS;;;
0.5;Agrupamento de Escolas de Braga Oeste;600078310;1;1;8108;software_ti (1);Ajuste Direto Regime Geral (1);<20k (1);Amplitude Portatil, Unip. Lda (1);100;2026-07-14;AQUISIÇÃO DE MATERIAL INFORMÁTICO;;;
0.5;EPRALIMA - Escola Profissional do Alto Lima, CIPRL;504404830;1;1;5000;software_ti (1);Ajuste Direto Regime Geral (1);<20k (1);HOVO Comunicativo, Lda (1);100;2026-07-08;Prestação de Serviços de Comunicação, Web e Multimédia ;;;
0.5;Santa Casa da Misericórdia de Monção;501330925;1;1;14855;software_ti (1);Consulta Prévia (1);<20k (1);Minhomática – Formação Profissional e Informática, Lda. (1);100;2026-07-02;Aquisição de Material Informático;;;
0.5;Agrupamento de Escolas do Viso, Porto;600079090;1;1;2090;software_ti (1);Ajuste Direto Regime Geral (1);<20k (1);Inovar (1);100;2026-05-25;LICENCIAMENTO DE SOFTWARE;;;
0.5;APPACDM de Viana do Castelo - Associação Portuguesa de Pais e Amigos do Cidadão Deficiente Mental;504646885;1;1;13222;software_ti (1);Consulta Prévia (1);<20k (1);Vitor Manuel Amorim Gonçalves (Repara Pc Avv) (1);100;2026-04-29;Aquisição de equipamento informático para o CACI de Ponte da Barca, no âmbito do Aviso n.º 16/C03-i01/2025;;;
0.5;Associação Comercial e Industrial do Concelho de Esposende;503455580;1;1;5400;software_ti (1);Ajuste Direto Regime Geral (1);<20k (1);Paulo Alexandre dos Reis Martins (1);100;2026-04-14;Pretende-se o fornecimento de serviços de informática especializados, designadamente: na gestão do sistema de relacionam;;;
0.5;Agrupamento de Escolas Gil Vicente, Guimarães;600074161;1;1;5000;software_ti (1);Consulta Prévia (1);<20k (1);Asnet Unipessoal, Lda (1);100;2026-03-27;Aquisição e Contratação de Serviços de Suporte e Manutenção Informática;;;
0.5;Centro Social e Paroquial Divino Salvador;502513306;1;1;25947;software_ti (1);Consulta Prévia (1);20-75k (1);MICROBASTO- Informática e Telecomunicações, LDA (1);100;2026-03-12;AQUISIÇÃO DE EQUIPAMENTO INFORMÁTICO E ELETRODOMÉSTICOS PARA APETRECHAMENTO DAS INSTALAÇÕES DA ERPI;;;
0.5;União das Freguesias de Nogueira, Fraião e Lamaçães;510838260;1;1;5150;software_ti (1);Ajuste Direto Regime Geral (1);<20k (1);Frenétikódigo – Software, Lda (1);100;2026-02-16;Licença de software de gestão autárquica da União das freguesias de Nogueira, Fraião e Lamaçães;;;
0.5;Agrupamento de Escolas de Mosteiro e Cávado, Braga;600077055;1;1;7149;software_ti (1);Consulta Prévia (1);<20k (1);Asnet (1);100;2026-02-12;02/AEMC/2026 Serviços de Assistência Informática;;;
0.5;Agrupamento de Escolas de Paredes de Coura;600070093;1;1;4423;software_ti (1);Ajuste direto simplificado ao abrigo da Lei n.º 30/2021, de 21.05 (1);<20k (1);Intuitivo Unipessoal Lda (1);100;2026-01-28;Locação de Software;;;
0.5;CASTELFORM - Formação e Consultoria, L.da;506928209;1;1;3250;software_ti (1);Ajuste Direto Regime Geral (1);<20k (1);Mestreclique - Sistema de Informação, Lda (1);100;2025-11-13;Aquisição de serviços de Manutenção à Plataforma de Gestão da Formação;;;
0.4;Centro Social da Paróquia de Souto;502380438;1;1;47000;projeto (1);Consulta Prévia (1);20-75k (1);Atelier Arquitetura e Engenharia Filipe & Gabriela, Lda (1);100;2025-09-30;Elaboração do Projeto de Arquitetura, Projetos de Especialidades e Projeto de Execução, para a construção de edifício de;;;
0.4;Casa do Povo de Alvito;500934177;1;1;36000;projeto (1);Consulta Prévia (1);20-75k (1);Teorema Vertical Unipessoal Lda (1);100;2025-09-25;Fiscalização e Coordenação de Segurança e Saúde da empreitada de construção do complexo de Habitação Colaborativa e Comu;;;
0.4;ACARF - Associação Social Cultural Artística e Recreativa de Forjães;501524614;1;1;72000;projeto (1);Consulta Prévia (1);20-75k (1);Atelier Arquitetura e Engenharia Filipe & Gabriela, Lda (1);100;2025-09-25;Projeto de Arquitetura, Projetos de Especialidades e Projeto de Execução, para a Alteração e Ampliação do antigo Jardim ;;;
0.4;APDL - Administração dos Portos do Douro, Leixões e Viana do Castelo, S. A.;501449752;1;1;79542;projeto (1);Consulta Prévia (1);75-150k (1);Pórtico-Arquitetura e Engenharia, Ldª (1);100;2025-09-10;Aquisição de Serviços de Fiscalização e CSO para a Empreitada de Alteração do Sistema Cobertura e Beneficiação do Armazé;;;
0.4;Centro Social da Paróquia de Gualtar;502217502;1;1;6490;projeto (1);Consulta Prévia (1);<20k (1);LUÍS CORREIA BARBOSA - ENGENHARIA, UNIPESSOAL LDA (1);100;2025-08-08;Aquisição de Serviços de Fiscalização e Coordenação e Segurança em Obra para a Empreitada de Remodelação e Ampliação do ;;;
0.4;Freguesia de Caldelas;507186265;1;1;7000;projeto (1);Ajuste Direto Regime Geral (1);<20k (1);Alcepi, Lda (1);100;2025-08-01;Prestação de Serviços de elaboração de Projeto de Execução para a Requalificação dos Pavimentos da Avenida dos Bombeiros;;;
0.4;Associação CCG / ZGDV - Centro de Computação Gráfica;503092584;1;1;19650;projeto (1);Consulta Prévia (1);<20k (1);MIGUEL MELO ARQUITETURA LDA (1);100;2025-07-29;Prestação de serviços para elaboração de Projeto de licenciamento de arquitetura referente à legalização do edifício do ;;;
0.4;Freguesia de Ruilhe;507021789;1;1;19250;projeto (1);Ajuste Direto Regime Geral (1);<20k (1);Bizz Box, Lda (1);100;2025-07-25;Serviços de elaboração do projeto de execução para alargamento e requalificação do cemitério de Ruílhe;;;
0.4;Freguesia de Candoso (São Martinho);507853024;1;1;18974;projeto (1);Ajuste Direto Regime Geral (1);<20k (1);Paulo Ricardo & João Tiago - Arquitectos, Lda. (1);100;2025-07-20;Projeto da via alternativa à curva do Soeiro. Constituído por trabalhos iniciais e preparatórios, estudo prévio, imagens;;;
0.4;Associação da Creche de Braga;500875278;1;1;35000;projeto (1);Consulta Prévia (1);20-75k (1);MOOVE, ARQUITETOS, LDA (1);100;2025-07-17;Serviços de elaboração de projeto de Execução para a remodelação parcial interior de edifício sito na Rua do Raio;;;
0.4;União das Freguesias de Real, Dume e Semelhe;510839118;1;1;12400;projeto (1);Ajuste Direto Regime Geral (1);<20k (1);Filipe Machado (1);100;2025-07-16;Desenvolvimento de projectos de arquitectura e especialidades de engenharia, destinados ao projeto para a construção do ;;;
0.4;Docapesca - Portos e Lotas, S. A.;500086826;1;1;17500;projeto (1);Ajuste Direto Regime Geral (1);<20k (1);DEXTROSE, LTD (1);100;2025-07-15;Estudo de soluções padronizadas a desenvolver em projeto, para cada tipo de necessidade de produção de gelo dos Portos d;;;
0.4;União das Freguesias de Barcelos, Vila Boa e Vila Frescaínha (São Martinho e São Pedro);510834922;1;1;1500;projeto (1);Ajuste Direto Regime Geral (1);<20k (1);Nível Índice - Construção e Engenharia, Lda. (1);100;2025-07-09;Aquisição de serviços para elaboração de projeto de execução de repavimentação da Rua Nova do Espiríto Santo, em Vila Bo;;;
0.4;Instituto da Habitação e da Reabilitação Urbana, I. P.;501460888;4;1;51850;projeto (3), eletricidade (1);Concurso público (3), Consulta Prévia (1);<20k (3), 20-75k (1);"Guimarães & Couceiro | Soluções de Engenharia e Manutenção (3); INELSA - Instalações Eletricas e Sanitárias, Lda (1)";75;2025-06-23;PC.160.2025.0000220 - Reformulação, Rede Elétrica, telec. e Trab. de Construção Civil em 6 Frações Não Habitac Bloco 1 d;;;
0.4;União das Freguesias de Silveiros e Rio Covo (Santa Eulália);510840221;1;1;5900;projeto (1);Ajuste Direto Regime Geral (1);<20k (1);ICONIC CODE, Eng arq, Lda (1);100;2025-06-17;Aquisição de serviços para elaboração de projetos – Silveiros e Rio Côvo (Santa Eulália);;;
0.4;Mais Mesão Frio - Cooperativa para a Solidariedade Social, Educação e Cultura, C. R. L.;517348608;1;1;19950;projeto (1);Ajuste Direto Regime Geral (1);<20k (1);TOP HL – Estudos Topográficos, Unipessoal Lda, (1);100;2025-05-27;Revisão ao Projeto de execução da empreitada para realização de obra de alteração e ampliação de Edifício existente dest;;;
0.4;Centro Pastoral D.antónio Bento Martins Júnior;502274697;1;1;22500;projeto (1);Consulta Prévia (1);20-75k (1);GEP ? A. Matos Ferreira Unipessoal, Lda. (1);100;2025-05-27;Aquisição de serviços de arquitetura, engenharia e fiscalização, para conclusão de projetos incompletos e prestação de a;;;
0.4;União das Freguesias de Merelim (São Paio), Panoias e Parada de Tibães;510837905;1;1;16700;projeto (1);Consulta Prévia (1);<20k (1);Quadrante de Sabedoria, Lda. (1);100;2025-05-27;Prestação de Serviços de Projeto de Arquitetura e Especialidades para a criação de Casa Mortuária em Merelim S. Paio;;;
0.4;Junta de Agricultores da Levada do Meloal;902201930;1;1;0;projeto (1);Ajuste Direto Regime Geral (1);<20k (1);TEG CONSULTORES DE ENGENHARIA LDA (1);100;2025-05-02;O procedimento consiste em uma adenda ao do«contrato inicial de fiscalização e acompanhamento, prorrogando os trabalhos ;;;
0.3;Seminário Concilar de Braga;500820511;1;1;2000;software_ti (1);Ajuste Direto Regime Geral (1);<20k (1);INOVAR+AZ- Sistemas de Informação, Lda (1);100;2025-09-30;Considerando que, nos termos da legislação em vigor, é necessário proceder à contratação de aquisição de serviços de atu;;;
0.3;Casa de Sarmento - Centro de Estudos do Património;902120743;1;1;37992;software_ti (1);Consulta Prévia (1);20-75k (1);RFS Telecomunicações, Lda. (1);100;2025-09-25;Aquisição de sistema de digitalização;;;
0.3;Associação Comercial e Industrial de Vila Nova de Famalicão;500989087;1;1;19498;software_ti (1);Ajuste Direto Regime Geral (1);<20k (1);CTT EXPRESSO - SERVIÇOS POSTAIS E LOGISTICA, S.A. (1);100;2025-09-22;"Sistema logístico de suporte para a rede do marketplace ""Comércio da Vila"" - Bairro Comercial Digital de Famalicão";;;
0.3;Escola Profissional D. Afonso Henriques, Unipessoal, L.da;516508423;1;1;2520;software_ti (1);Ajuste Direto Regime Geral (1);<20k (1);CODEVISION SA (1);100;2025-09-18;Serviços de suporte, apoio e manutenção do programa de gestão escolar e-Schooling, na Escola Profissional D. Afonso Henr;;;
0.3;CERCIGUI - Cooperativa de Educação e Reabilitação de Cidadãos Inadaptados do Concelho de Guimarães, CRL;500636834;1;1;4168;software_ti (1);Consulta Prévia (1);<20k (1);Vimaponto Equipam.e Serviços Inform.lda. (1);100;2025-09-10;"CPR 03/2025 – FORNECIMENTO DE EQUIPAMENTO E
MATERIAL INFORMÁTICO E ASSISTÊNCIA TÉCNICA AO PARQUE INFORMÁTICO";;;
0.3;ATAHCA - Associação de Desenvolvimento das Terras Altas do Homem Cávado e Ave;503408077;1;1;13500;software_ti (1);Ajuste Direto Regime Geral (1);<20k (1);José Luís Proença Alves (1);100;2025-09-01;Gestão de rede informática, servidores e postos de trabalho, atualizações e formação interna;;;
0.3;Freguesia de Paderne;506947971;1;1;43975;software_ti (1);Consulta Prévia (1);20-75k (1);SEBASTIÃO DA ROCHA BARBOSA, LDA (1);100;2025-08-26;Beneficiação do Caminho Portal Cerdeira-Pinheiro e Caminho do Carvalho-Penelas;;;
0.3;GTI Portugal - Formação Profissional, S. A.;514482290;1;1;1206;software_ti (1);Ajuste Direto Regime Geral (1);<20k (1);Divultec-Serviços de Informática, Lda. (1);100;2025-08-13;pacote de software de segurança;;;
0.3;Agrupamento de Escolas de Trigal de Santa Maria, Braga;600078329;1;1;16260;software_ti (1);Consulta Prévia (1);<20k (1);ASNET UNIPESSOAL, LDA. (1);100;2025-07-22;Aquisição De Equipamentos Informáticos – Kits Digitais.;;;
0.3;Associação BIOPOLIS;516033727;1;1;6750;software_ti (1);Ajuste Direto Regime Geral (1);<20k (1);BRANDIT DIGITAL MEDIA SERVICES, LDA. (1);100;2025-07-08;Aquisição de serviços para o desenvolvimento de um website para a marca Arte e Ciência para apresentação dos respetivos ;;;
0.3;Agrupamento de Escolas de S. Bento, Vízela;600082024;1;1;10904;software_ti (1);Ajuste Direto Regime Geral (1);<20k (1);Vimaponto Equipam.e Serviços Inform.lda. (1);100;2025-06-06;Fornecimento de Servidor e demais equipamentos;;;
0.3;União das Freguesias de Moledo e Cristelo;510838022;1;1;17343;software_ti (1);Ajuste Direto Regime Geral (1);<20k (1);Datamind (1);100;2025-06-05;Prestação de serviços de consultoria contabilística, apoio à contratação pública e software de gestão autárquica;;;
0.3;Agrupamento de Escolas de Real, Braga;600077152;1;1;12926;software_ti (1);Consulta Prévia (1);<20k (1);Sigadata Disruptive Cat Lda (1);100;2025-06-04;Aquisição De Equipamentos Informáticos – Kits Digitais;;;
0.3;Agrupamento de Escolas da Abelheira, Viana do Castelo;600073688;1;1;5880;software_ti (1);Ajuste Direto Regime Geral (1);<20k (1);InfNetWork de Michel Alexandre Rodrigues Alves (1);100;2025-06-03;Prestação de Serviços de Assistência Técnica E BackUps nos Estabelecimentos de Ensino do Agrupamento de Escolas da Abelh;;;
